INSERT INTO `management` (`id`, `name`, `cost`, `percent`, `created_at`, `updated_at`) VALUES
(1, 'المشرف', 3000, 0, '2022-03-21 10:01:09', '2022-03-21 10:01:09'),
(2, 'ادارية', 2000, 0, '2022-03-21 10:01:09', '2022-03-21 10:01:09'),
(3, 'المستودع', 7, 1, '2022-03-21 10:01:09', '2022-03-21 10:01:09');

INSERT INTO `stores` (`id`, `name`, `created_at`, `updated_at`) VALUES
(1, 'المخزن الرئيسي', '2022-03-16 00:20:22', '2022-03-16 00:20:22'),
(2, 'المخزن الكهرباء', '2022-03-16 00:20:22', '2022-03-16 00:20:22'),
(3, 'المخزن التلابيس', '2022-03-16 00:20:22', '2022-03-16 00:20:22'),
(4, 'المخزن التألف', '2022-03-16 00:20:22', '2022-03-16 00:20:22');

INSERT INTO `workers` (`id`, `name`, `created_at`, `updated_at`) VALUES
(1, 'خيامة', '2022-03-16 00:15:21', '2022-03-16 00:15:21'),
(2, 'ديكور', '2022-03-16 00:15:21', '2022-03-16 00:15:21'),
(3, 'سيرفيس', '2022-03-16 00:15:21', '2022-03-16 00:15:21'),
(4, 'كهربجية', '2022-03-16 00:15:21', '2022-03-16 00:15:21');

INSERT INTO `accounts` (`id`, `name`, `parent_id`, `code`, `created_at`, `updated_at`) VALUES
(01, 'الإصول', NULL, '01', '2022-03-26 00:37:09', '2022-03-26 00:37:09'),
(02, 'الخصوم', NULL, '02', '2022-03-26 00:37:09', '2022-03-26 00:37:09'),
(03, 'الإيرادات', NULL, '03', '2022-03-26 00:37:09', '2022-03-26 00:37:09'),
(04, 'المصروفات', NULL, '04', '2022-03-26 00:37:09', '2022-03-26 00:37:09'),
(05, 'الخزنة و البنوك', 1, '01/01', '2022-03-26 00:41:57', '2022-03-26 00:41:57'),
(06, 'الخزنة', 5, '01/01/01', '2022-03-26 00:41:57', '2022-03-26 00:41:57'),
(07, 'البنك', 5, '01/01/02', '2022-03-26 00:41:57', '2022-03-26 00:41:57'),
(08, 'المبيعات', 1, '01/02', '2022-03-26 00:41:57', '2022-03-26 00:41:57'),
(09, 'الزملاء مدينون', 1, '01/03', '2022-03-26 00:41:57', '2022-03-26 00:41:57'),
(10, 'الزملاء دائنون', 2, '02/01', '2022-03-26 00:44:12', '2022-03-26 00:44:12'),
(11, 'المرتبات', 2, '02/02', '2022-03-26 00:44:12', '2022-03-26 00:44:12'),
(12, 'الحجوزات', 3, '03/01', '2022-03-26 00:45:49', '2022-03-26 00:45:49'),
(13, 'مصروفات عامة', 4, '04/01', '2022-03-26 02:09:31', '2022-03-26 02:09:31'),
(14, 'مصروفات ثابتة', 4, '04/02', '2022-03-26 02:09:31', '2022-03-26 02:09:31'),
(15, 'مصروفات مستودعات', 4, '04/03', '2022-03-26 02:09:31', '2022-03-26 02:09:31'),
(16, 'مصروفات دفار', 4, '04/04', '2022-03-26 02:09:31', '2022-03-26 02:09:31'),
(17, 'مصروفات سيد أحمد', 4, '04/05', '2022-03-26 02:09:31', '2022-03-26 02:09:31'),
(18, 'مصروفات نور الدائم', 4, '04/06', '2022-03-26 02:09:31', '2022-03-26 02:09:31'),
(19, 'مصروفات مسؤلية مجتمعية', 4, '04/07', '2022-03-26 02:09:31', '2022-03-26 02:09:31'),
(20, 'مصروفات فواتير', 4, '04/08', '2022-03-26 02:09:31', '2022-03-26 02:09:31'),
(21, 'مردودات فواتير', 4, '04/09', '2022-03-26 02:09:31', '2022-03-26 02:09:31'),
(22, 'ترحيل داخلي', 13, '04/01/01', '2022-03-26 02:21:51', '2022-03-26 02:21:51'),
(23, 'نثريات وحوافز', 13, '04/01/02', '2022-03-26 02:22:14', '2022-03-26 02:22:14'),
(24, 'خدمات ضيافة', 13, '04/01/03', '2022-03-26 02:22:32', '2022-03-26 02:22:32'),
(25, 'ادوات مكتبية', 13, '04/01/04', '2022-03-26 02:22:55', '2022-03-26 02:22:55'),
(26, 'مشتريات', 13, '04/01/05', '2022-03-26 02:23:16', '2022-03-26 02:23:16'),
(27, 'اخري', 13, '04/01/06', '2022-03-26 02:25:13', '2022-03-26 02:25:13'),
(28, 'إيجارات', 14, '04/02/01', '2022-03-26 02:25:42', '2022-03-26 02:25:42'),
(29, 'كهرباء', 14, '04/02/02', '2022-03-26 02:26:03', '2022-03-26 02:26:03'),
(30, 'خدمات هاتف سيار', 14, '04/02/03', '2022-03-26 02:26:35', '2022-03-26 02:26:35'),
(31, 'رسوم محلية', 14, '04/02/04', '2022-03-26 02:27:02', '2022-03-26 02:27:02'),
(32, 'مشتروات مستهلكة', 15, '04/03/01', '2022-03-26 02:27:25', '2022-03-26 02:27:25'),
(33, 'نظافة عامة', 15, '04/03/02', '2022-03-26 02:27:43', '2022-03-26 02:27:43'),
(34, 'صيانة عامة', 15, '04/03/03', '2022-03-26 02:28:32', '2022-03-26 02:28:32'),
(35, 'غسيل تلابيس وفوط', 15, '04/03/04', '2022-03-26 02:29:24', '2022-03-26 02:29:24'),
(36, 'ترحيل وعتالة', 15, '04/03/05', '2022-03-26 02:30:21', '2022-03-26 02:30:21'),
(37, 'مشتريات', 15, '04/03/06', '2022-03-26 02:30:55', '2022-03-26 02:30:55'),
(38, 'مشتريات أخري', 15, '04/03/07', '2022-03-26 02:31:19', '2022-03-26 02:31:19'),
(39, 'صيانة', 16, '04/04/01', '2022-03-26 02:31:45', '2022-03-26 02:31:45'),
(40, 'قطع غيار', 16, '04/04/02', '2022-03-26 02:32:09', '2022-03-26 02:32:09'),
(41, 'مصنعيات', 16, '04/04/03', '2022-03-26 02:32:26', '2022-03-26 02:32:26'),
(42, 'غيار زيت', 16, '04/04/04', '2022-03-26 02:32:49', '2022-03-26 02:32:49'),
(43, 'جازولين', 16, '04/04/05', '2022-03-26 02:33:05', '2022-03-26 02:33:05'),
(44, 'سيرفيس', 16, '04/04/06', '2022-03-26 02:33:24', '2022-03-26 02:33:24'),
(45, 'اخري', 16, '04/04/07', '2022-03-26 02:33:45', '2022-03-26 02:33:45'),
(46, 'سيد احمد', 17, '04/05/01', '2022-03-26 02:34:58', '2022-03-26 02:34:58'),
(47, 'نور الدائم', 18, '04/06/01', '2022-03-26 02:35:25', '2022-03-26 02:35:25'),
(48, 'مسئولية مجتمعية', 19, '04/07/01', '2022-03-26 02:35:48', '2022-03-26 02:35:48');

INSERT INTO `customers` (`id`, `name`, `phone`, `address`, `status`, `created_at`, `updated_at`) VALUES
(1, 'الطاهر للمناسبات', '0910200111', 'اركويت', 2, '2022-03-26 02:53:26', '2022-03-26 02:53:26'),
(2, 'علي محمد علي بابكر', '0127117230', 'اركويت', 1, '2022-03-26 02:54:16', '2022-03-26 02:54:16'),
(3, 'عمر للمناسبات', '0910200111', 'اركويت', 2, '2022-03-26 02:54:53', '2022-03-26 02:54:53'),
(4, 'يوسف احمد بابكر', '0987654521', 'الجريف', 1, '2022-03-26 02:55:48', '2022-03-26 02:55:48'),
(5, 'ياسين للمناسبات', '0987876523', 'المعمورة', 2, '2022-03-26 11:23:36', '2022-03-26 11:23:36');

INSERT INTO `services` (`id`, `name`, `parent_id`, `created_at`, `updated_at`) VALUES
(1, 'نجف', NULL, '2022-03-24 05:55:46', '2022-03-24 05:55:46'),
(2, 'صيوان سيتان', NULL, '2022-03-24 06:03:44', '2022-03-24 06:03:44'),
(3, 'كرسي فاخرة', NULL, '2022-03-24 06:08:14', '2022-03-24 06:08:14'),
(4, 'كرسي فاخرة', 3, '2022-03-24 06:08:43', '2022-03-24 06:08:43'),
(5, 'مكيفات أمريكية', NULL, '2022-03-24 06:11:48', '2022-03-24 06:11:48'),
(6, 'إستاندات', NULL, '2022-03-25 21:13:57', '2022-03-25 21:13:57'),
(7, 'طرابيز بوفيه', NULL, '2022-03-25 21:14:56', '2022-03-25 21:14:56'),
(8, 'منصة', NULL, '2022-03-25 21:15:30', '2022-03-25 21:15:30'),
(9, 'مسرح', NULL, '2022-03-25 21:15:54', '2022-03-25 21:15:54'),
(10, 'كشافات', NULL, '2022-03-25 21:16:27', '2022-03-25 21:16:27'),
(11, 'زينة شلال', NULL, '2022-03-25 21:17:09', '2022-03-25 21:17:09'),
(12, 'مراوح', NULL, '2022-03-25 21:18:08', '2022-03-25 21:18:08'),
(13, 'غسالات ', NULL, '2022-03-25 21:18:41', '2022-03-25 21:18:41'),
(14, 'حفاظات', NULL, '2022-03-25 21:19:06', '2022-03-25 21:19:06'),
(15, 'براميل', NULL, '2022-03-25 21:19:27', '2022-03-25 21:19:27'),
(16, 'طرابيز بلاستيك', NULL, '2022-03-25 21:20:05', '2022-03-25 21:20:05'),
(17, 'كراسي بلاستيك', NULL, '2022-03-25 21:20:37', '2022-03-25 21:20:37'),
(18, 'طرابيز فاخرة', NULL, '2022-03-25 21:21:26', '2022-03-25 21:21:26'),
(19, 'ممرات ', NULL, '2022-03-25 21:21:56', '2022-03-25 21:21:56'),
(20, 'سجاد', NULL, '2022-03-25 21:22:23', '2022-03-25 21:22:23'),
(21, 'أبيض ', 11, '2022-03-25 21:24:02', '2022-03-25 21:24:02'),
(22, 'دهبي ', 11, '2022-03-25 21:24:17', '2022-03-25 21:24:17');

INSERT INTO `store_service` (`id`, `store_id`, `service_id`, `worker_id`, `quantity`, `customer_price`, `companion_price`, `employee_price`, `created_at`, `updated_at`) VALUES
(1, 2, 1, 4, 800, 1000, 500, 300, '2022-03-24 05:55:46', '2022-03-24 05:55:46'),
(2, 1, 2, 1, 0, 1500, 1000, 400, '2022-03-24 06:03:44', '2022-03-24 06:03:44'),
(3, 1, 3, 1, 700, 300, 100, 40, '2022-03-24 06:08:14', '2022-03-24 06:08:14'),
(4, 1, 4, 1, 700, 300, 100, 40, '2022-03-24 06:08:43', '2022-03-24 06:08:43'),
(5, 2, 5, 4, 18, 6000, 2000, 1500, '2022-03-24 06:11:48', '2022-03-24 06:11:48'),
(6, 1, 6, 1, 20, 1500, 750, 500, '2022-03-25 21:13:57', '2022-03-25 21:13:57'),
(7, 1, 7, 1, 6, 3000, 1500, 250, '2022-03-25 21:14:56', '2022-03-25 21:14:56'),
(8, 1, 8, 1, 1, 5000, 2500, 1000, '2022-03-25 21:15:30', '2022-03-25 21:15:30'),
(9, 1, 9, 1, 2, 5000, 2500, 1000, '2022-03-25 21:15:54', '2022-03-25 21:15:54'),
(10, 2, 10, 4, 10, 3000, 1500, 500, '2022-03-25 21:16:27', '2022-03-25 21:16:27'),
(11, 2, 11, 4, 20, 5000, 2500, 500, '2022-03-25 21:17:09', '2022-03-25 21:17:09'),
(12, 2, 12, 4, 5, 3000, 1500, 500, '2022-03-25 21:18:08', '2022-03-25 21:18:08'),
(13, 1, 13, 1, 21, 2000, 1000, 300, '2022-03-25 21:18:41', '2022-03-25 21:18:41'),
(14, 1, 14, 1, 50, 2000, 1000, 300, '2022-03-25 21:19:06', '2022-03-25 21:19:06'),
(15, 1, 15, 1, 15, 2000, 1000, 300, '2022-03-25 21:19:27', '2022-03-25 21:19:27'),
(16, 1, 16, 1, 50, 1000, 500, 200, '2022-03-25 21:20:05', '2022-03-25 21:20:05'),
(17, 1, 17, 1, 100, 250, 150, 20, '2022-03-25 21:20:37', '2022-03-25 21:20:37'),
(18, 1, 18, 1, 120, 1200, 600, 250, '2022-03-25 21:21:26', '2022-03-25 21:21:26'),
(19, 1, 19, 1, 14, 2000, 1000, 200, '2022-03-25 21:21:56', '2022-03-25 21:21:56'),
(20, 1, 20, 1, 400, 1200, 600, 200, '2022-03-25 21:22:23', '2022-03-25 21:22:23'),
(21, 2, 21, 4, 10, 5000, 2500, 500, '2022-03-25 21:24:02', '2022-03-25 21:24:02'),
(22, 2, 22, 4, 10, 5000, 2500, 500, '2022-03-25 21:24:17', '2022-03-25 21:24:17');